{
  "video_name": "6_1_Mimosas_IPC6_20251227103316",
  "frame_index": 0,
  "frame_width": 1280,
  "frame_height": 720,
  "tables": [
    {
      "id": 0,
      "rotated_bbox": {
        "center": [
          503.9276123046875,
          499.21044921875
        ],
        "size": [
          380.3823583960019,
          357.1129318016101
        ],
        "angle": 1.59,
        "corners": [
          [
            308.855224609375,
            672.4208984375
          ],
          [
            318.76409912109375,
            315.4454345703125
          ],
          [
            699.0,
            326.0
          ],
          [
            689.0911254882812,
            682.9754638671875
          ]
        ]
      },
      "saved": true,
      "crop_file": "crops/table_00.jpg",
      "crop_size": {
        "width": 570,
        "height": 535
      }
    },
    {
      "id": 1,
      "rotated_bbox": {
        "center": [
          1088.0,
          184.0
        ],
        "size": [
          83.07489012176377,
          59.21623569783843
        ],
        "angle": 34.358185003309025,
        "corners": [
          [
            1037.0,
            185.0
          ],
          [
            1070.41943359375,
            136.115478515625
          ],
          [
            1139.0,
            183.0
          ],
          [
            1105.58056640625,
            231.884521484375
          ]
        ]
      },
      "saved": true,
      "crop_file": "crops/table_01.jpg",
      "crop_size": {
        "width": 124,
        "height": 88
      }
    },
    {
      "id": 2,
      "rotated_bbox": {
        "center": [
          1048.9993896484375,
          295.5008850097656
        ],
        "size": [
          148.36497910017403,
          73.86854117134503
        ],
        "angle": 38.66,
        "corners": [
          [
            968.0,
            278.0
          ],
          [
            1014.1455078125,
            220.3185272216797
          ],
          [
            1129.998779296875,
            313.00177001953125
          ],
          [
            1083.853271484375,
            370.6832275390625
          ]
        ]
      },
      "saved": true,
      "crop_file": "crops/table_02.jpg",
      "crop_size": {
        "width": 222,
        "height": 110
      }
    },
    {
      "id": 3,
      "rotated_bbox": {
        "center": [
          155.53573608398438,
          321.8195495605469
        ],
        "size": [
          209.64128669457634,
          216.4568417538395
        ],
        "angle": 70.29,
        "corners": [
          [
            18.296466827392578,
            259.6412353515625
          ],
          [
            222.0714874267578,
            186.63909912109375
          ],
          [
            292.7749938964844,
            383.99786376953125
          ],
          [
            88.99998474121094,
            457.0
          ]
        ]
      },
      "saved": true,
      "crop_file": "crops/table_03.jpg",
      "crop_size": {
        "width": 314,
        "height": 324
      }
    },
    {
      "id": 4,
      "rotated_bbox": {
        "center": [
          950.0,
          155.0
        ],
        "size": [
          129.05849282081135,
          89.01632114854323
        ],
        "angle": 32.11,
        "corners": [
          [
            871.6837158203125,
            158.3994140625
          ],
          [
            919.0,
            83.0
          ],
          [
            1028.3162841796875,
            151.6005859375
          ],
          [
            981.0,
            227.0
          ]
        ]
      },
      "saved": true,
      "crop_file": "crops/table_04.jpg",
      "crop_size": {
        "width": 193,
        "height": 133
      }
    },
    {
      "id": 5,
      "rotated_bbox": {
        "center": [
          1095.6502685546875,
          245.55596923828125
        ],
        "size": [
          100.87701161380564,
          53.76117780783548
        ],
        "angle": 18.43,
        "corners": [
          [
            1039.300537109375,
            255.1119384765625
          ],
          [
            1056.296875,
            204.108154296875
          ],
          [
            1152.0,
            236.0
          ],
          [
            1135.003662109375,
            287.0037841796875
          ]
        ]
      },
      "saved": true,
      "crop_file": "crops/table_05.jpg",
      "crop_size": {
        "width": 151,
        "height": 80
      }
    },
    {
      "id": 6,
      "rotated_bbox": {
        "center": [
          839.56640625,
          397.3847351074219
        ],
        "size": [
          255.85434359245676,
          235.60446961404756
        ],
        "angle": 51.78979963234363,
        "corners": [
          [
            667.87451171875,
            369.73272705078125
          ],
          [
            853.0,
            224.00001525878906
          ],
          [
            1011.25830078125,
            425.0367431640625
          ],
          [
            826.1328125,
            570.7694702148438
          ]
        ]
      },
      "saved": true,
      "crop_file": "crops/table_06.jpg",
      "crop_size": {
        "width": 383,
        "height": 353
      }
    },
    {
      "id": 7,
      "rotated_bbox": {
        "center": [
          639.7516479492188,
          173.50430297851562
        ],
        "size": [
          176.1165667675308,
          156.25002971344483
        ],
        "angle": 44.89054524803136,
        "corners": [
          [
            522.2291259765625,
            166.70492553710938
          ],
          [
            632.5032958984375,
            56.00859832763672
          ],
          [
            757.274169921875,
            180.30368041992188
          ],
          [
            647.0,
            291.0
          ]
        ]
      },
      "saved": true,
      "crop_file": "crops/table_07.jpg",
      "crop_size": {
        "width": 264,
        "height": 234
      }
    },
    {
      "id": 8,
      "rotated_bbox": {
        "center": [
          820.6773071289062,
          159.86863708496094
        ],
        "size": [
          189.10743406121054,
          123.64285988886165
        ],
        "angle": 29.05,
        "corners": [
          [
            708.0,
            168.0
          ],
          [
            768.03759765625,
            59.911869049072266
          ],
          [
            933.3546142578125,
            151.73727416992188
          ],
          [
            873.3170166015625,
            259.8254089355469
          ]
        ]
      },
      "saved": true,
      "crop_file": "crops/table_08.jpg",
      "crop_size": {
        "width": 283,
        "height": 185
      }
    },
    {
      "id": 9,
      "rotated_bbox": {
        "center": [
          389.0,
          230.0
        ],
        "size": [
          189.01729822759722,
          203.38254834360683
        ],
        "angle": 65.14,
        "corners": [
          [
            257.0,
            187.00001525878906
          ],
          [
            441.53668212890625,
            101.49746704101562
          ],
          [
            521.0,
            273.0
          ],
          [
            336.46331787109375,
            358.5025329589844
          ]
        ]
      },
      "saved": true,
      "crop_file": "crops/table_09.jpg",
      "crop_size": {
        "width": 283,
        "height": 305
      }
    }
  ]
}