{
  "video_name": "3_1_Mimosas_IPC3_20251227103309",
  "frame_index": 0,
  "frame_width": 1280,
  "frame_height": 720,
  "tables": [
    {
      "id": 0,
      "rotated_bbox": {
        "center": [
          822.78662109375,
          332.6180419921875
        ],
        "size": [
          321.945618340476,
          526.1953508124054
        ],
        "angle": -67.11446052236897,
        "corners": [
          [
            1002.5732421875,
            583.236083984375
          ],
          [
            517.798095703125,
            378.60321044921875
          ],
          [
            643.0,
            82.0
          ],
          [
            1127.775146484375,
            286.63287353515625
          ]
        ]
      },
      "saved": true,
      "crop_file": "crops/table_00.jpg",
      "crop_size": {
        "width": 482,
        "height": 789
      }
    },
    {
      "id": 1,
      "rotated_bbox": {
        "center": [
          282.5,
          314.5
        ],
        "size": [
          178.8627565551128,
          206.3446493551661
        ],
        "angle": 47.52611691161956,
        "corners": [
          [
            146.0126953125,
            318.20428466796875
          ],
          [
            298.20947265625,
            178.86920166015625
          ],
          [
            418.9873046875,
            310.79571533203125
          ],
          [
            266.79052734375,
            450.13079833984375
          ]
        ]
      },
      "saved": true,
      "crop_file": "crops/table_01.jpg",
      "crop_size": {
        "width": 268,
        "height": 309
      }
    },
    {
      "id": 2,
      "rotated_bbox": {
        "center": [
          563.73388671875,
          609.4105224609375
        ],
        "size": [
          477.8999734397775,
          298.649962841451
        ],
        "angle": 31.06887599786191,
        "corners": [
          [
            282.0,
            614.0
          ],
          [
            436.123779296875,
            358.192138671875
          ],
          [
            845.4677734375,
            604.821044921875
          ],
          [
            691.343994140625,
            860.62890625
          ]
        ]
      },
      "saved": true,
      "crop_file": "crops/table_02.jpg",
      "crop_size": {
        "width": 716,
        "height": 447
      }
    },
    {
      "id": 3,
      "rotated_bbox": {
        "center": [
          352.94580078125,
          113.6489486694336
        ],
        "size": [
          109.9377511453698,
          178.57502093171834
        ],
        "angle": 42.69430645492888,
        "corners": [
          [
            251.99998474121094,
            142.0
          ],
          [
            373.08935546875,
            10.750572204589844
          ],
          [
            453.8916015625,
            85.29789733886719
          ],
          [
            332.80224609375,
            216.54733276367188
          ]
        ]
      },
      "saved": true,
      "crop_file": "crops/table_03.jpg",
      "crop_size": {
        "width": 164,
        "height": 267
      }
    },
    {
      "id": 4,
      "rotated_bbox": {
        "center": [
          144.28004455566406,
          237.20889282226562
        ],
        "size": [
          122.63448438035192,
          169.83926620137368
        ],
        "angle": 52.96,
        "corners": [
          [
            39.56009292602539,
            239.4178009033203
          ],
          [
            175.12835693359375,
            137.11129760742188
          ],
          [
            249.0,
            234.99998474121094
          ],
          [
            113.43173217773438,
            337.3064880371094
          ]
        ]
      },
      "saved": true,
      "crop_file": "crops/table_04.jpg",
      "crop_size": {
        "width": 183,
        "height": 254
      }
    },
    {
      "id": 5,
      "rotated_bbox": {
        "center": [
          952.7930297851562,
          161.791015625
        ],
        "size": [
          255.25362446914727,
          90.62169592974016
        ],
        "angle": 19.76,
        "corners": [
          [
            817.362548828125,
            161.28562927246094
          ],
          [
            848.0,
            76.00001525878906
          ],
          [
            1088.2235107421875,
            162.29640197753906
          ],
          [
            1057.5860595703125,
            247.58201599121094
          ]
        ]
      },
      "saved": true,
      "crop_file": "crops/table_05.jpg",
      "crop_size": {
        "width": 382,
        "height": 135
      }
    },
    {
      "id": 6,
      "rotated_bbox": {
        "center": [
          503.1877136230469,
          146.8707275390625
        ],
        "size": [
          171.68424471053766,
          149.3460341590348
        ],
        "angle": 28.77548974041019,
        "corners": [
          [
            392.0,
            171.0
          ],
          [
            463.89202880859375,
            40.0963020324707
          ],
          [
            614.3754272460938,
            122.741455078125
          ],
          [
            542.4833984375,
            253.64515686035156
          ]
        ]
      },
      "saved": true,
      "crop_file": "crops/table_06.jpg",
      "crop_size": {
        "width": 257,
        "height": 224
      }
    },
    {
      "id": 7,
      "rotated_bbox": {
        "center": [
          228.309814453125,
          94.77656555175781
        ],
        "size": [
          88.27931189306211,
          110.59560807619341
        ],
        "angle": 39.80557109226519,
        "corners": [
          [
            159.0,
            108.99998474121094
          ],
          [
            229.80157470703125,
            24.038097381591797
          ],
          [
            297.61962890625,
            80.55314636230469
          ],
          [
            226.81805419921875,
            165.51502990722656
          ]
        ]
      },
      "saved": true,
      "crop_file": "crops/table_07.jpg",
      "crop_size": {
        "width": 132,
        "height": 165
      }
    },
    {
      "id": 8,
      "rotated_bbox": {
        "center": [
          82.22715759277344,
          196.13192749023438
        ],
        "size": [
          71.23191353350012,
          150.0705930656038
        ],
        "angle": 48.43766499236521,
        "corners": [
          [
            2.4543190002441406,
            219.26385498046875
          ],
          [
            114.7422866821289,
            119.70184326171875
          ],
          [
            162.0,
            173.0
          ],
          [
            49.71202850341797,
            272.56201171875
          ]
        ]
      },
      "saved": true,
      "crop_file": "crops/table_08.jpg",
      "crop_size": {
        "width": 106,
        "height": 225
      }
    },
    {
      "id": 9,
      "rotated_bbox": {
        "center": [
          36.64238739013672,
          180.69140625
        ],
        "size": [
          50.303291239986194,
          112.0168003117322
        ],
        "angle": 51.00900595749453,
        "corners": [
          [
            -22.715225219726562,
            196.3828125
          ],
          [
            64.34925842285156,
            125.90203094482422
          ],
          [
            96.0,
            165.0
          ],
          [
            8.935516357421875,
            235.48077392578125
          ]
        ]
      },
      "saved": true,
      "crop_file": "crops/table_09.jpg",