{
  "video_name": "7_1_Mimosas_IPC7_20251227112204",
  "frame_index": 0,
  "frame_width": 1280,
  "frame_height": 720,
  "tables": [
    {
      "id": 0,
      "rotated_bbox": {
        "center": [
          535.4974975585938,
          451.677978515625
        ],
        "size": [
          511.7046029142641,
          294.49656205365386
        ],
        "angle": 52.58528303002687,
        "corners": [
          [
            263.09356689453125,
            337.93017578125
          ],
          [
            496.9999694824219,
            159.0
          ],
          [
            807.9014282226562,
            565.42578125
          ],
          [
            573.9949951171875,
            744.35595703125
          ]
        ]
      },
      "saved": true,
      "crop_file": "crops/table_00.jpg",
      "crop_size": {
        "width": 767,
        "height": 441
      }
    },
    {
      "id": 1,
      "rotated_bbox": {
        "center": [
          1135.403076171875,
          169.1923828125
        ],
        "size": [
          195.87468534201227,
          71.55471642984267
        ],
        "angle": 29.308464294034398,
        "corners": [
          [
            1032.488525390625,
            152.44869995117188
          ],
          [
            1067.515380859375,
            90.05319213867188
          ],
          [
            1238.317626953125,
            185.93606567382812
          ],
          [
            1203.290771484375,
            248.33157348632812
          ]
        ]
      },
      "saved": true,
      "crop_file": "crops/table_01.jpg",
      "crop_size": {
        "width": 293,
        "height": 107
      }
    },
    {
      "id": 2,
      "rotated_bbox": {
        "center": [
          124.69793701171875,
          538.2425537109375
        ],
        "size": [
          411.25742267039516,
          319.90707198483824
        ],
        "angle": 74.05,
        "corners": [
          [
            -85.60411071777344,
            384.485107421875
          ],
          [
            221.9871368408203,
            296.5751953125
          ],
          [
            335.0,
            692.0
          ],
          [
            27.408737182617188,
            779.909912109375
          ]
        ]
      },
      "saved": true,
      "crop_file": "crops/table_02.jpg",
      "crop_size": {
        "width": 616,
        "height": 479
      }
    },
    {
      "id": 3,
      "rotated_bbox": {
        "center": [
          1069.939697265625,
          201.31060791015625
        ],
        "size": [
          236.21956686548094,
          60.99658089498107
        ],
        "angle": 29.05,
        "corners": [
          [
            951.8794555664062,
            170.6212158203125
          ],
          [
            981.4976196289062,
            117.29822540283203
          ],
          [
            1188.0,
            232.0
          ],
          [
            1158.3818359375,
            285.322998046875
          ]
        ]
      },
      "saved": true,
      "crop_file": "crops/table_03.jpg",
      "crop_size": {
        "width": 354,
        "height": 91
      }
    },
    {
      "id": 4,
      "rotated_bbox": {
        "center": [
          819.1639404296875,
          324.7193603515625
        ],
        "size": [
          376.0959464757085,
          200.87189554735014
        ],
        "angle": 39.22456618825207,
        "corners": [
          [
            609.976318359375,
            283.610107421875
          ],
          [
            737.0,
            128.0
          ],
          [
            1028.3515625,
            365.82861328125
          ],
          [
            901.327880859375,
            521.438720703125
          ]
        ]
      },
      "saved": true,
      "crop_file": "crops/table_04.jpg",
      "crop_size": {
        "width": 564,
        "height": 301
      }
    },
    {
      "id": 5,
      "rotated_bbox": {
        "center": [
          969.3091430664062,
          227.88922119140625
        ],
        "size": [
          312.6041263371481,
          98.83466386475003
        ],
        "angle": 34.61463835633717,
        "corners": [
          [
            812.6021728515625,
            179.771240234375
          ],
          [
            868.74560546875,
            98.4311752319336
          ],
          [
            1126.01611328125,
            276.0072021484375
          ],
          [
            1069.8726806640625,
            357.3472595214844
          ]
        ]
      },
      "saved": true,
      "crop_file": "crops/table_05.jpg",
      "crop_size": {
        "width": 468,
        "height": 148
      }
    }
  ]
}