{
  "video_name": "4_1_Mimosas_IPC4_20251227103312",
  "frame_index": 0,
  "frame_width": 1280,
  "frame_height": 720,
  "tables": [
    {
      "id": 0,
      "rotated_bbox": {
        "center": [
          580.5,
          575.0
        ],
        "size": [
          284.0,
          413.0
        ],
        "angle": 90.0,
        "corners": [
          [
            374.0,
            433.0
          ],
          [
            787.0,
            433.0
          ],
          [
            787.0,
            717.0
          ],
          [
            374.0,
            717.0
          ]
        ]
      },
      "saved": true,
      "crop_file": "crops/table_00.jpg",
      "crop_size": {
        "width": 426,
        "height": 619
      }
    },
    {
      "id": 1,
      "rotated_bbox": {
        "center": [
          509.0000305175781,
          322.5
        ],
        "size": [
          206.08338772283204,
          319.10281041269184
        ],
        "angle": 79.45525328601899,
        "corners": [
          [
            333.2861022949219,
            250.39691162109375
          ],
          [
            647.0,
            192.0
          ],
          [
            684.7139892578125,
            394.60308837890625
          ],
          [
            371.00006103515625,
            453.0
          ]
        ]
      },
      "saved": true,
      "crop_file": "crops/table_01.jpg",
      "crop_size": {
        "width": 309,
        "height": 478
      }
    },
    {
      "id": 2,
      "rotated_bbox": {
        "center": [
          1029.8460693359375,
          181.230712890625
        ],
        "size": [
          161.54674108103177,
          100.62639330251305
        ],
        "angle": 22.38,
        "corners": [
          [
            936.0,
            197.0
          ],
          [
            974.313232421875,
            103.95288848876953
          ],
          [
            1123.692138671875,
            165.46142578125
          ],
          [
            1085.37890625,
            258.508544921875
          ]
        ]
      },
      "saved": true,
      "crop_file": "crops/table_02.jpg",
      "crop_size": {
        "width": 242,
        "height": 150
      }
    },
    {
      "id": 3,
      "rotated_bbox": {
        "center": [
          778.70166015625,
          109.91230010986328
        ],
        "size": [
          169.22262145461497,
          130.1695092119923
        ],
        "angle": 33.690067525979785,
        "corners": [
          [
            672.1982421875,
            117.13217163085938
          ],
          [
            744.4033203125,
            8.824600219726562
          ],
          [
            885.205078125,
            102.69242858886719
          ],
          [
            813.0,
            211.0
          ]
        ]
      },
      "saved": true,
      "crop_file": "crops/table_03.jpg",
      "crop_size": {
        "width": 253,
        "height": 195
      }
    },
    {
      "id": 4,
      "rotated_bbox": {
        "center": [
          193.35546875,
          367.37518310546875
        ],
        "size": [
          220.78610693586702,
          283.46312072196145
        ],
        "angle": 70.35,
        "corners": [
          [
            22.75546646118164,
            311.071533203125
          ],
          [
            289.7109375,
            215.7503662109375
          ],
          [
            363.9554748535156,
            423.6788330078125
          ],
          [
            97.0,
            519.0
          ]
        ]
      },
      "saved": true,
      "crop_file": "crops/table_04.jpg",
      "crop_size": {
        "width": 331,
        "height": 425
      }
    },
    {
      "id": 5,
      "rotated_bbox": {
        "center": [
          426.84100341796875,
          179.24942016601562
        ],
        "size": [
          97.40859464283166,
          190.36873372950606
        ],
        "angle": 88.83,
        "corners": [
          [
            330.6820068359375,
            132.49884033203125
          ],
          [
            521.010986328125,
            128.61172485351562
          ],
          [
            523.0,
            226.0
          ],
          [
            332.6710205078125,
            229.88711547851562
          ]
        ]
      },
      "saved": true,
      "crop_file": "crops/table_05.jpg",
      "crop_size": {
        "width": 146,
        "height": 285
      }
    },
    {
      "id": 6,
      "rotated_bbox": {
        "center": [
          871.5479125976562,
          322.6063537597656
        ],
        "size": [
          249.4596705238593,
          246.03713106043904
        ],
        "angle": 36.53,
        "corners": [
          [
            698.0958251953125,
            347.21270751953125
          ],
          [
            844.5478515625,
            149.5107421875
          ],
          [
            1045.0,
            298.0
          ],
          [
            898.5479736328125,
            495.70196533203125
          ]
        ]
      },
      "saved": true,
      "crop_file": "crops/table_06.jpg",
      "crop_size": {
        "width": 374,
        "height": 369
      }
    },
    {
      "id": 7,
      "rotated_bbox": {
        "center": [
          880.2221069335938,
          69.8443603515625
        ],
        "size": [
          114.95434344605692,
          55.69517763339301
        ],
        "angle": 24.471915062365525,
        "corners": [
          [
            816.3726806640625,
            71.3804931640625
          ],
          [
            839.4442138671875,
            20.688718795776367
          ],
          [
            944.071533203125,
            68.3082275390625
          ],
          [
            921.0,
            119.0
          ]
        ]
      },
      "saved": true,
      "crop_file": "crops/table_07.jpg",
      "crop_size": {
        "width": 172,
        "height": 83
      }
    },
    {
      "id": 8,
      "rotated_bbox": {
        "center": [
          1066.80419921875,
          118.44739532470703
        ],
        "size": [
          92.66156415870837,
          64.07804348310233
        ],
        "angle": 22.919554832466638,
        "corners": [
          [
            1011.6539306640625,
            129.91403198242188
          ],
          [
            1036.6082763671875,
            70.89479064941406
          ],
          [
            1121.9544677734375,
            106.98075866699219
          ],
          [
            1097.0001220703125,
            166.0
          ]
        ]
      },
      "saved": true,
      "crop_file": "crops/table_08.jpg",
      "crop_size": {
        "width": 138,
        "height": 96
      }
    },
    {
      "id": 9,
      "rotated_bbox": {
        "center": [
          919.0,
          37.5
        ],
        "size": [
          118.81541003708645,
          53.51540280815437
        ],
        "angle": 28.207490879015296,
        "corners": [
          [
            854.0,
            33.0
          ],
          [
            879.294921875,
            -14.160003662109375
          ],
          [
            984.0,
            42.0
          ],
          [
            958.705078125,
            89.16000366210938
          ]
        ]
      },
      "saved": true,
      "crop_file": "crops/table_09.jpg",
      "crop_size": {
        "width": 178,
        "height": 80
      }
    }
  ]
}